sub_id,user_id,plan_type,start_date,canceled_date
1,4,Pro,2025-12-26,
2,9,Premium,2026-03-31,2026-04-02
3,10,Premium,2026-02-12,2026-04-01
4,11,Basic,2025-06-04,2026-02-20
5,21,Basic,2025-07-08,
6,27,Premium,2026-05-11,2026-05-12
7,31,Basic,2025-09-01,
8,32,Basic,2025-06-16,
9,35,Premium,2026-03-22,
10,36,Basic,2026-02-12,
11,44,Basic,2026-03-02,
12,46,Premium,2026-01-13,
13,47,Basic,2025-07-03,
14,72,Basic,2025-07-20,
15,75,Basic,2025-11-26,
16,78,Basic,2025-08-17,
17,86,Pro,2025-09-22,
18,90,Basic,2025-11-28,
19,95,Basic,2025-05-24,2026-01-01
20,109,Premium,2025-08-05,2025-09-09
21,110,Basic,2026-04-27,
22,115,Basic,2025-10-24,2026-02-21
23,116,Basic,2025-07-12,2025-08-12
24,133,Basic,2026-02-22,
25,134,Premium,2025-08-06,2026-03-30
26,135,Pro,2026-01-03,
27,139,Basic,2026-03-23,
28,141,Premium,2026-01-16,2026-04-18
29,150,Premium,2026-01-07,2026-05-05
30,158,Basic,2025-10-15,
31,159,Basic,2025-09-15,
32,161,Premium,2026-02-05,
33,163,Basic,2025-12-28,2026-01-06
34,167,Basic,2025-12-20,2026-02-25
35,178,Basic,2025-08-18,
36,179,Pro,2025-07-18,2025-08-22
37,188,Basic,2025-06-14,
38,195,Basic,2025-08-30,2025-10-29
39,202,Basic,2026-03-09,
40,204,Basic,2025-05-28,
41,209,Premium,2026-01-07,
42,211,Basic,2025-11-26,
43,212,Pro,2026-05-14,2026-05-15
44,213,Basic,2026-01-18,
45,214,Basic,2026-03-25,2026-04-13
46,215,Basic,2025-10-31,
47,224,Basic,2025-07-14,
48,229,Premium,2025-10-05,
49,230,Premium,2025-07-11,2025-11-20
50,231,Premium,2026-04-23,2026-04-25
51,235,Premium,2025-06-22,
52,238,Basic,2026-01-08,2026-05-15
53,245,Basic,2025-07-05,2025-12-06
54,251,Basic,2025-09-18,2025-12-19
55,254,Basic,2025-12-02,
56,257,Basic,2026-02-17,2026-03-23
57,258,Premium,2026-03-05,
58,261,Basic,2025-07-19,
59,265,Basic,2025-10-29,
60,266,Basic,2025-08-08,2025-10-17
61,267,Basic,2025-08-02,2025-09-02
62,273,Basic,2025-10-04,
63,279,Basic,2025-05-16,
64,281,Premium,2025-08-02,
65,286,Basic,2026-05-09,
66,289,Premium,2026-03-28,
67,291,Premium,2026-02-26,
68,295,Basic,2025-08-07,2026-01-23
69,296,Basic,2025-09-17,
70,302,Basic,2025-12-26,2026-02-11
71,303,Premium,2025-07-13,2025-09-05
72,309,Basic,2025-09-24,
73,313,Basic,2026-05-06,
74,317,Basic,2025-11-24,
75,319,Premium,2025-06-30,
76,323,Basic,2026-01-30,
77,325,Basic,2026-01-15,
78,332,Premium,2026-04-09,2026-05-06
79,336,Basic,2025-08-29,
80,340,Basic,2025-08-05,2025-08-05
81,342,Premium,2026-02-17,
82,344,Basic,2025-06-25,
83,346,Premium,2025-09-24,2025-11-15
84,347,Basic,2026-04-11,
85,348,Basic,2025-06-28,
86,360,Pro,2025-10-22,
87,362,Basic,2026-04-30,2026-05-15
88,364,Premium,2025-07-11,2026-01-05
89,370,Basic,2025-07-04,
90,371,Basic,2025-06-24,
91,373,Basic,2025-06-13,
92,388,Basic,2025-06-04,
93,389,Basic,2025-07-30,
94,392,Basic,2026-03-06,
95,398,Premium,2025-12-25,
96,399,Premium,2025-06-29,
97,400,Pro,2026-03-27,
98,414,Basic,2026-02-25,2026-04-07
99,415,Basic,2025-09-17,
100,418,Basic,2026-01-13,2026-04-15
101,430,Basic,2026-03-18,2026-03-23
102,431,Basic,2026-01-29,
103,437,Basic,2026-02-10,2026-02-12
104,442,Basic,2026-03-17,
105,443,Basic,2026-03-09,
106,454,Pro,2025-08-12,2026-02-14
107,460,Basic,2026-02-28,
108,461,Basic,2025-11-24,
109,470,Basic,2025-10-20,
110,471,Basic,2026-01-08,
111,481,Basic,2026-01-28,
112,490,Premium,2026-02-22,2026-04-16
113,496,Premium,2025-10-24,
114,497,Premium,2025-11-08,
115,505,Premium,2025-07-26,
116,509,Pro,2026-03-02,
117,511,Basic,2025-12-26,
118,520,Basic,2025-11-26,
119,524,Basic,2025-10-25,2026-02-04
120,527,Basic,2026-04-27,2026-04-30
121,533,Basic,2025-06-28,
122,538,Basic,2025-05-21,
123,545,Basic,2025-07-01,
124,546,Basic,2025-06-16,
125,548,Basic,2025-06-07,
126,564,Premium,2025-07-07,2025-10-19
127,574,Basic,2025-11-14,
128,578,Premium,2025-11-01,
129,583,Basic,2025-09-12,
130,585,Basic,2025-08-18,2026-01-04
131,590,Basic,2026-05-06,2026-05-12
132,597,Basic,2025-12-28,2026-04-14
133,598,Basic,2026-03-27,
134,603,Basic,2025-11-28,
135,619,Basic,2026-03-08,
136,626,Basic,2025-08-08,
137,630,Premium,2025-12-27,
138,631,Basic,2026-03-28,2026-05-10
139,640,Basic,2025-09-23,
140,645,Basic,2026-04-16,2026-05-11
141,654,Basic,2025-12-16,
142,660,Pro,2025-08-08,
143,665,Basic,2025-12-30,
144,684,Basic,2025-09-05,2026-01-20
145,688,Basic,2025-08-05,
146,695,Premium,2025-10-19,
147,698,Basic,2026-03-27,
148,703,Premium,2025-11-27,
149,704,Premium,2026-01-29,
150,710,Premium,2026-01-21,
151,712,Basic,2025-06-08,2025-12-28
152,714,Basic,2026-01-21,
153,721,Basic,2025-06-20,
154,722,Basic,2025-06-26,
155,724,Premium,2025-09-06,
156,728,Basic,2026-04-16,2026-04-24
157,729,Basic,2025-08-14,
158,730,Basic,2025-06-02,
159,732,Basic,2025-06-30,
160,738,Basic,2025-05-17,
161,751,Basic,2026-03-22,2026-04-15
162,752,Basic,2026-03-15,
163,756,Premium,2025-05-24,2025-05-24
164,757,Premium,2025-12-04,
165,765,Premium,2025-11-17,
166,770,Basic,2026-02-12,
167,774,Basic,2025-07-10,2026-02-20
168,786,Basic,2025-07-28,2025-09-14
169,790,Basic,2026-03-02,
170,797,Pro,2025-12-10,2025-12-19
171,799,Basic,2026-04-26,2026-05-13
172,808,Basic,2025-11-12,
173,824,Basic,2025-07-22,
174,827,Basic,2025-12-03,
175,829,Basic,2026-02-18,
176,837,Basic,2025-05-21,
177,841,Premium,2025-11-08,
178,849,Premium,2025-10-21,
179,850,Basic,2025-09-01,
180,851,Premium,2025-07-11,
181,857,Basic,2025-12-13,
182,859,Premium,2026-04-12,2026-04-13
183,872,Premium,2025-05-17,2025-06-16
184,875,Basic,2025-09-21,
185,878,Basic,2025-08-05,
186,885,Basic,2025-11-12,
187,887,Basic,2025-08-01,2025-12-25
188,889,Basic,2026-04-24,
189,895,Basic,2025-10-17,
190,900,Basic,2025-10-08,2026-05-13
191,921,Premium,2025-08-16,2025-11-19
192,931,Basic,2025-06-16,
193,933,Basic,2026-03-20,
194,935,Basic,2025-07-24,
195,936,Basic,2025-07-07,2025-08-21
196,948,Premium,2026-04-17,
197,950,Basic,2025-07-17,
198,959,Premium,2026-01-19,
199,962,Basic,2026-01-21,
200,964,Premium,2025-12-07,2026-01-03
201,977,Basic,2025-06-25,
202,981,Basic,2025-09-26,
203,987,Basic,2025-07-17,
204,993,Premium,2025-05-27,
205,995,Pro,2026-02-15,
206,998,Premium,2026-02-05,2026-04-16
207,1000,Pro,2026-02-18,
208,1001,Basic,2025-06-21,
209,1003,Basic,2025-11-08,2026-02-11
210,1004,Basic,2025-09-18,2026-03-09
211,1005,Premium,2025-05-30,
212,1016,Basic,2026-03-21,2026-03-31
213,1032,Basic,2026-02-17,2026-05-08
214,1035,Basic,2025-08-20,2026-03-08
215,1041,Premium,2025-05-27,
216,1043,Premium,2026-05-02,2026-05-02
217,1051,Premium,2026-02-20,
218,1056,Premium,2026-01-14,2026-03-19
219,1072,Basic,2025-09-15,2026-02-25
220,1074,Premium,2025-10-01,
221,1076,Basic,2025-06-21,
222,1077,Basic,2025-09-06,2026-04-16
223,1091,Basic,2026-04-09,
224,1110,Premium,2025-06-16,
225,1111,Basic,2025-10-09,2025-10-15
226,1112,Premium,2025-10-18,2026-04-12
227,1116,Basic,2025-06-21,2025-11-02
228,1128,Premium,2026-03-14,
229,1130,Basic,2025-09-16,
230,1138,Basic,2025-08-28,2026-01-27
231,1143,Basic,2025-09-05,
232,1147,Premium,2026-02-06,
233,1149,Basic,2025-08-19,
234,1150,Premium,2025-12-27,
235,1151,Pro,2025-07-06,2025-08-11
236,1156,Basic,2026-04-27,
237,1171,Pro,2025-11-24,
238,1173,Basic,2025-10-25,2026-01-12
239,1177,Basic,2026-05-08,
240,1178,Basic,2026-04-08,
241,1192,Basic,2025-12-14,2026-05-06
242,1194,Basic,2026-01-02,
243,1199,Premium,2025-05-20,
244,1200,Basic,2025-12-24,
245,1201,Basic,2025-12-01,
246,1202,Premium,2025-06-06,
247,1215,Basic,2025-06-17,2025-12-18
248,1221,Premium,2026-01-27,
249,1226,Basic,2025-11-28,2026-01-20
250,1230,Basic,2026-05-04,
251,1232,Basic,2025-08-11,
252,1233,Premium,2025-07-20,
253,1234,Premium,2026-05-05,
254,1240,Premium,2026-03-27,2026-04-10
255,1246,Basic,2026-02-09,2026-03-27
256,1249,Basic,2026-01-23,2026-03-03
257,1250,Premium,2025-10-05,
258,1260,Basic,2026-03-20,
259,1264,Pro,2025-05-19,
260,1268,Premium,2025-08-29,
261,1271,Premium,2026-01-26,
262,1273,Premium,2026-03-31,
263,1282,Basic,2025-09-11,
264,1283,Basic,2025-07-03,
265,1285,Premium,2026-01-24,
266,1291,Basic,2025-06-05,
267,1305,Basic,2026-01-06,2026-04-19
268,1313,Basic,2026-02-05,
269,1318,Basic,2025-06-22,
270,1321,Basic,2025-06-20,2025-11-05
271,1325,Basic,2026-01-06,
272,1326,Basic,2026-05-10,
273,1332,Basic,2025-09-28,
274,1334,Basic,2026-04-18,
275,1335,Premium,2026-04-28,2026-05-06
276,1338,Premium,2025-10-15,
277,1344,Premium,2025-07-12,
278,1347,Basic,2025-11-16,
279,1351,Basic,2025-07-25,2025-11-16
280,1352,Premium,2025-06-06,2026-05-08
281,1383,Premium,2025-11-16,
282,1387,Premium,2026-03-07,2026-03-07
283,1402,Basic,2025-06-03,
284,1403,Premium,2026-01-16,
285,1405,Basic,2026-04-21,
286,1417,Basic,2026-05-05,
287,1420,Basic,2025-08-21,2025-10-07
288,1429,Basic,2026-02-28,
289,1430,Basic,2025-09-30,
290,1431,Basic,2025-06-02,
291,1438,Basic,2025-05-24,
292,1439,Premium,2026-02-24,2026-04-09
293,1443,Basic,2025-05-17,
294,1456,Basic,2025-12-22,
295,1459,Basic,2025-10-26,
296,1461,Basic,2026-01-15,2026-01-23
297,1462,Premium,2025-11-16,2026-03-20
298,1466,Basic,2026-03-31,
299,1470,Basic,2025-09-16,
300,1471,Premium,2026-02-18,
301,1474,Basic,2025-11-14,
302,1475,Basic,2025-09-28,2026-05-12
303,1476,Premium,2025-12-02,
304,1483,Basic,2025-12-06,2026-03-07
305,1489,Basic,2025-05-26,2025-09-30
306,1493,Basic,2026-05-12,
307,1496,Basic,2025-09-05,
308,1497,Basic,2026-02-16,2026-04-09
309,1500,Basic,2025-07-04,2025-11-16
310,1503,Basic,2025-11-09,
311,1507,Premium,2025-10-12,2025-11-29
312,1518,Premium,2025-05-30,
313,1520,Basic,2025-05-26,2026-01-08
314,1521,Basic,2025-10-18,
315,1525,Basic,2025-12-11,
316,1528,Basic,2026-01-05,2026-04-06
317,1533,Basic,2026-03-22,
318,1534,Premium,2025-10-24,
319,1535,Basic,2026-02-24,
320,1548,Premium,2025-07-31,2025-08-28
321,1549,Premium,2025-09-10,
322,1559,Basic,2025-06-05,2026-05-04
323,1577,Basic,2025-08-21,2026-03-31
324,1585,Basic,2025-10-08,2026-03-26
325,1587,Premium,2026-04-03,2026-05-07
326,1600,Premium,2026-03-28,
327,1616,Pro,2025-07-01,
328,1624,Basic,2026-05-11,
329,1629,Basic,2025-07-13,
330,1652,Premium,2025-10-04,
331,1658,Basic,2025-09-09,
332,1664,Pro,2025-07-11,
333,1682,Basic,2026-04-15,
334,1687,Basic,2026-05-01,
335,1689,Basic,2025-12-30,
336,1696,Basic,2025-08-13,2025-10-12
337,1699,Basic,2026-01-15,
338,1710,Basic,2025-08-29,
339,1711,Basic,2025-07-01,
340,1724,Basic,2025-07-15,
341,1727,Premium,2025-05-19,2025-11-22
342,1735,Premium,2026-02-10,
343,1740,Basic,2025-10-31,
344,1743,Basic,2026-04-06,
345,1753,Basic,2025-08-09,2025-12-11
346,1756,Basic,2025-07-10,
347,1764,Basic,2026-04-12,2026-05-13
348,1767,Basic,2025-09-24,
349,1775,Basic,2025-08-30,
350,1777,Premium,2025-07-19,
351,1790,Basic,2025-10-20,
352,1791,Basic,2025-07-09,
353,1794,Basic,2025-08-12,2025-12-19
354,1800,Basic,2025-08-27,2025-11-29
355,1807,Basic,2025-08-13,2026-03-29
356,1808,Basic,2026-03-08,
357,1829,Pro,2025-12-01,
358,1830,Pro,2025-11-21,
359,1831,Premium,2026-03-07,
360,1847,Basic,2025-05-19,
361,1859,Basic,2026-03-28,
362,1861,Basic,2026-01-07,2026-04-20
363,1872,Basic,2025-10-30,2026-02-06
364,1873,Premium,2026-04-20,
365,1875,Basic,2025-08-12,
366,1878,Basic,2025-06-18,
367,1880,Basic,2025-06-14,
368,1881,Basic,2025-12-18,
369,1882,Basic,2025-09-21,
370,1883,Basic,2025-08-12,2025-12-10
371,1886,Basic,2026-04-15,
372,1897,Basic,2025-07-13,
373,1898,Basic,2025-11-24,
374,1899,Premium,2026-02-24,
375,1911,Basic,2025-05-29,
376,1921,Basic,2026-01-21,
377,1929,Basic,2026-04-23,2026-05-01
378,1930,Pro,2025-10-11,
379,1931,Basic,2025-07-29,
380,1933,Basic,2025-07-08,
381,1941,Premium,2025-10-22,
382,1943,Premium,2025-09-09,
383,1946,Basic,2025-11-10,
384,1955,Basic,2026-02-01,
385,1957,Basic,2025-07-15,
386,1971,Premium,2025-08-29,
387,1973,Basic,2026-03-13,
388,1985,Basic,2026-04-17,
389,1994,Basic,2025-06-04,
390,1995,Basic,2025-11-02,
391,2001,Basic,2025-09-24,
392,2007,Basic,2026-02-13,
393,2010,Basic,2025-08-29,
394,2016,Basic,2025-08-06,2025-12-13
395,2017,Basic,2026-04-12,2026-05-05
396,2019,Pro,2026-01-05,
397,2024,Basic,2025-12-29,
398,2028,Basic,2026-03-13,
399,2031,Basic,2026-03-22,2026-04-21
400,2032,Basic,2025-11-17,
401,2034,Basic,2026-01-18,
402,2036,Basic,2025-08-12,2026-03-30
403,2038,Basic,2025-06-26,
404,2043,Basic,2026-02-09,
405,2044,Basic,2025-09-07,
406,2064,Basic,2025-07-09,
407,2066,Basic,2026-02-07,
408,2069,Basic,2025-11-21,
409,2075,Basic,2025-06-26,
410,2093,Basic,2026-04-06,
411,2094,Premium,2026-05-02,
412,2111,Basic,2025-08-21,
413,2112,Basic,2025-11-22,2026-03-02
414,2123,Premium,2026-05-08,
415,2124,Basic,2025-09-22,
416,2126,Basic,2025-12-16,
417,2134,Basic,2025-07-04,
418,2139,Pro,2026-03-02,2026-04-12
419,2143,Premium,2026-02-23,
420,2145,Basic,2025-09-13,2025-12-12
421,2148,Basic,2026-02-25,
422,2152,Basic,2026-04-22,
423,2157,Basic,2025-08-12,
424,2161,Basic,2025-09-11,
425,2176,Premium,2026-01-05,
426,2181,Basic,2026-03-22,2026-04-08
427,2185,Premium,2025-08-05,2025-08-05
428,2208,Premium,2025-05-22,
429,2211,Premium,2026-05-04,
430,2218,Basic,2026-02-18,
431,2224,Basic,2025-12-19,
432,2227,Basic,2025-09-30,
433,2229,Basic,2025-07-05,
434,2233,Premium,2026-01-14,2026-04-02
435,2235,Premium,2026-04-17,
436,2241,Basic,2025-08-28,2026-05-16
437,2244,Pro,2025-11-07,2026-02-12
438,2246,Premium,2025-09-24,
439,2247,Premium,2026-04-24,2026-05-05
440,2261,Basic,2025-09-16,
441,2268,Premium,2025-09-03,
442,2279,Basic,2026-02-20,2026-04-10
443,2288,Premium,2026-03-30,2026-05-02
444,2289,Basic,2025-12-12,2026-04-10
445,2296,Basic,2025-10-08,
446,2299,Pro,2026-02-17,2026-03-21
447,2301,Premium,2025-08-08,
448,2305,Basic,2025-11-03,
449,2307,Basic,2026-01-30,
450,2312,Basic,2026-05-10,
451,2313,Premium,2026-05-11,2026-05-11
452,2327,Basic,2025-12-30,
453,2333,Premium,2026-04-08,2026-04-25
454,2338,Premium,2026-02-27,
455,2342,Premium,2026-02-02,
456,2345,Basic,2025-10-23,2026-01-21
457,2351,Premium,2025-10-08,2026-04-29
458,2356,Premium,2025-12-31,
459,2361,Basic,2025-09-25,
460,2378,Pro,2025-12-12,
461,2385,Premium,2026-03-20,
462,2386,Basic,2025-07-06,
463,2387,Premium,2025-09-29,
464,2391,Basic,2025-07-07,
465,2395,Premium,2025-08-27,
466,2396,Basic,2025-06-17,2025-07-02
467,2398,Basic,2025-06-03,
468,2403,Basic,2025-08-05,
469,2407,Premium,2025-12-12,
470,2408,Basic,2026-01-04,
471,2409,Basic,2025-06-15,
472,2415,Basic,2026-03-28,
473,2419,Basic,2025-08-04,
474,2422,Premium,2025-08-01,
475,2425,Basic,2025-12-04,
476,2427,Pro,2025-10-20,
477,2437,Premium,2025-10-06,
478,2440,Basic,2025-11-27,
479,2442,Basic,2025-05-18,2025-06-14
480,2443,Basic,2025-09-20,2025-11-14
481,2444,Basic,2025-08-18,
482,2448,Basic,2025-09-23,2026-02-18
483,2449,Premium,2025-06-16,
484,2450,Basic,2025-10-21,
485,2453,Basic,2025-06-18,
486,2454,Basic,2026-04-23,
487,2459,Basic,2025-07-08,
488,2460,Basic,2026-04-10,
489,2462,Basic,2026-03-08,
490,2463,Premium,2025-10-18,
491,2466,Basic,2025-07-21,
492,2473,Basic,2025-09-04,
493,2484,Basic,2025-07-17,
494,2486,Basic,2026-03-03,2026-04-04
495,2488,Basic,2026-04-19,
496,2490,Basic,2025-07-31,
497,2491,Basic,2026-03-08,
498,2494,Premium,2025-11-25,2026-04-11
499,2495,Basic,2026-02-10,
500,2506,Basic,2025-10-02,
501,2509,Basic,2025-05-19,2026-05-12
502,2510,Basic,2025-09-19,
503,2511,Basic,2025-08-29,
504,2512,Premium,2026-03-09,
505,2514,Basic,2025-11-02,
506,2518,Basic,2026-05-14,
507,2522,Basic,2025-08-19,
508,2526,Basic,2026-01-02,
509,2547,Pro,2025-05-23,
510,2548,Basic,2025-12-10,
511,2556,Basic,2026-01-13,
512,2559,Premium,2026-04-03,
513,2564,Basic,2025-08-19,
514,2569,Premium,2026-01-15,2026-03-14
515,2572,Basic,2025-12-10,
516,2578,Basic,2026-03-15,
517,2587,Basic,2025-06-06,
518,2592,Basic,2026-02-08,
519,2593,Basic,2025-09-30,2026-03-22
520,2595,Basic,2025-10-14,
521,2596,Premium,2025-05-29,2025-07-01
522,2598,Basic,2025-06-11,2026-04-10
523,2599,Basic,2025-12-25,
524,2600,Basic,2025-06-11,
525,2606,Basic,2025-06-26,
526,2613,Basic,2025-05-16,
527,2617,Basic,2026-04-07,
528,2618,Premium,2025-07-28,
529,2619,Premium,2025-09-01,
530,2623,Basic,2026-01-09,2026-02-22
531,2625,Basic,2025-09-01,
532,2632,Basic,2025-05-26,2025-07-28
533,2633,Basic,2025-09-15,2026-04-20
534,2635,Pro,2026-01-03,
535,2636,Basic,2025-11-02,
536,2642,Premium,2025-10-08,2025-11-22
537,2643,Basic,2025-05-27,
538,2645,Premium,2025-07-20,
539,2647,Basic,2025-11-15,
540,2649,Basic,2025-09-02,2026-01-28
541,2650,Basic,2025-12-08,
542,2652,Basic,2025-11-28,
543,2653,Premium,2026-02-21,
544,2659,Basic,2025-10-29,2025-12-20
545,2660,Premium,2025-12-27,
546,2667,Premium,2026-05-14,
547,2668,Premium,2026-05-12,
548,2674,Basic,2026-02-01,
549,2676,Basic,2026-03-28,
550,2680,Basic,2025-07-29,
551,2684,Premium,2025-12-07,2026-05-01
552,2692,Premium,2026-02-06,
553,2702,Basic,2026-04-27,
554,2707,Basic,2025-08-25,
555,2708,Basic,2026-01-02,2026-03-18
556,2710,Premium,2026-03-14,
557,2711,Basic,2025-09-26,
558,2712,Basic,2025-11-08,
559,2719,Basic,2025-06-18,2026-01-11
560,2728,Basic,2025-06-24,
561,2752,Basic,2026-02-24,
562,2754,Pro,2025-12-06,2026-03-22
563,2758,Premium,2025-09-23,
564,2767,Basic,2025-10-23,2025-12-04
565,2771,Basic,2026-04-15,
566,2775,Basic,2025-12-26,
567,2778,Basic,2025-06-06,2025-09-06
568,2781,Basic,2026-04-03,
569,2785,Basic,2025-06-17,2025-09-03
570,2793,Basic,2025-12-18,2026-03-04
571,2794,Premium,2025-05-21,2025-07-13
572,2801,Pro,2025-11-03,2026-01-13
573,2810,Premium,2025-05-16,
574,2812,Basic,2026-03-06,2026-04-21
575,2815,Basic,2025-10-03,
576,2827,Basic,2026-04-21,2026-05-16
577,2828,Basic,2026-05-09,
578,2838,Basic,2025-09-01,2026-04-20
579,2840,Premium,2026-03-05,2026-05-10
580,2841,Basic,2025-09-19,
581,2847,Basic,2025-09-19,
582,2848,Basic,2026-03-30,
583,2851,Basic,2025-08-15,2026-01-29
584,2855,Basic,2026-03-15,
585,2861,Pro,2025-08-03,2025-09-13
586,2866,Premium,2025-10-05,
587,2872,Basic,2026-04-11,
588,2875,Premium,2025-08-11,2025-12-02
589,2876,Premium,2026-02-02,
590,2879,Basic,2025-08-17,
591,2881,Basic,2025-09-02,
592,2886,Basic,2025-07-25,
593,2900,Basic,2026-02-15,
594,2912,Premium,2025-07-23,
595,2914,Premium,2025-07-27,
596,2916,Premium,2026-05-03,
597,2929,Premium,2025-08-26,
598,2930,Basic,2025-07-30,
599,2933,Basic,2025-08-23,
600,2934,Basic,2025-10-30,2026-04-23
601,2938,Basic,2025-06-18,
602,2955,Basic,2025-07-01,
603,2956,Basic,2025-11-07,2026-04-05
604,2957,Basic,2025-12-26,2026-03-28
605,2959,Basic,2026-04-29,2026-05-08
606,2960,Basic,2025-11-09,
607,2962,Basic,2025-05-23,2025-09-02
608,2963,Basic,2025-12-15,2026-02-06
609,2981,Basic,2025-07-14,
610,2984,Premium,2025-06-23,2026-01-22
611,2994,Premium,2025-07-27,
612,3002,Basic,2025-10-28,
613,3004,Basic,2025-10-04,
614,3005,Basic,2026-01-24,
615,3010,Basic,2025-06-09,
616,3016,Premium,2026-04-06,2026-05-11
617,3029,Basic,2025-11-13,
618,3032,Basic,2025-05-28,
619,3034,Basic,2026-01-11,
620,3038,Premium,2026-01-29,
621,3041,Basic,2025-09-14,
622,3043,Premium,2025-08-18,2026-04-11
623,3044,Basic,2025-08-29,2026-01-09
624,3051,Basic,2025-08-14,
625,3052,Basic,2025-08-07,
626,3055,Premium,2025-12-19,
627,3056,Basic,2025-09-23,
628,3059,Basic,2025-06-06,
629,3066,Premium,2025-10-25,
630,3067,Basic,2025-08-29,
631,3081,Basic,2025-12-22,
632,3082,Basic,2025-09-13,
633,3088,Basic,2025-10-07,
634,3096,Basic,2026-05-11,
635,3097,Basic,2025-08-23,
636,3116,Basic,2026-04-12,
637,3127,Basic,2026-01-17,
638,3130,Basic,2025-09-03,
639,3132,Pro,2025-12-29,
640,3133,Basic,2025-07-12,2025-12-02
641,3140,Basic,2025-12-19,2026-02-01
642,3148,Premium,2025-06-15,
643,3150,Basic,2026-03-16,2026-05-06
644,3154,Premium,2025-10-18,
645,3155,Basic,2025-11-14,
646,3163,Basic,2025-12-08,
647,3165,Basic,2026-04-27,
648,3171,Basic,2025-05-25,
649,3172,Basic,2026-03-15,
650,3178,Basic,2025-07-11,
651,3186,Basic,2026-03-26,
652,3199,Basic,2026-03-19,
653,3206,Basic,2025-10-20,2026-01-23
654,3210,Premium,2025-05-22,2025-06-02
655,3215,Basic,2026-02-02,2026-03-11
656,3218,Basic,2025-12-31,
657,3219,Basic,2026-02-11,
658,3220,Basic,2025-09-14,
659,3228,Basic,2025-08-17,
660,3239,Premium,2025-10-22,
661,3245,Premium,2026-03-01,
662,3246,Premium,2025-12-14,
663,3264,Premium,2026-02-18,
664,3268,Basic,2025-09-25,
665,3282,Premium,2025-06-27,
666,3285,Basic,2026-03-05,
667,3287,Basic,2026-02-20,
668,3292,Basic,2026-01-22,
669,3295,Basic,2025-08-15,
670,3302,Premium,2025-09-13,2026-04-03
671,3311,Basic,2026-04-04,
672,3319,Pro,2026-04-05,
673,3321,Premium,2025-09-22,2026-03-07
674,3324,Basic,2026-04-27,
675,3328,Basic,2025-07-11,
676,3333,Premium,2026-02-15,
677,3337,Basic,2025-07-18,
678,3340,Basic,2026-01-25,
679,3341,Basic,2025-06-19,
680,3355,Premium,2025-07-05,
681,3358,Basic,2025-09-08,
682,3361,Premium,2025-10-12,
683,3368,Premium,2025-06-02,
684,3369,Basic,2026-04-30,2026-05-08
685,3370,Basic,2025-11-13,2026-03-23
686,3371,Basic,2025-11-28,
687,3372,Basic,2025-12-16,2026-01-13
688,3378,Premium,2025-12-11,2025-12-30
689,3383,Basic,2025-11-14,
690,3387,Basic,2025-06-14,
691,3390,Basic,2026-03-13,
692,3392,Basic,2026-02-11,
693,3395,Basic,2025-12-24,
694,3399,Premium,2026-03-12,
695,3404,Basic,2025-09-11,
696,3407,Premium,2025-10-22,
697,3408,Premium,2025-07-01,2025-11-26
698,3410,Basic,2025-07-16,2025-12-25
699,3417,Basic,2026-02-21,2026-03-04
700,3435,Basic,2026-05-08,
701,3439,Basic,2026-01-03,
702,3440,Basic,2025-09-27,2025-09-28
703,3442,Basic,2026-05-11,
704,3451,Basic,2026-05-11,
705,3455,Basic,2025-08-19,
706,3456,Basic,2025-05-17,
707,3472,Premium,2025-06-22,
708,3473,Premium,2026-02-21,
709,3482,Basic,2026-05-16,
710,3484,Basic,2025-12-03,
711,3486,Premium,2025-10-14,2026-04-19
712,3488,Premium,2025-10-03,
713,3489,Basic,2025-08-28,
714,3490,Basic,2025-06-04,2026-01-13
715,3497,Basic,2025-11-18,
716,3510,Basic,2026-02-25,
717,3527,Basic,2026-05-16,2026-05-16
718,3530,Premium,2025-07-16,2026-03-23
719,3537,Premium,2025-06-15,2026-05-10
720,3555,Basic,2026-01-15,2026-01-29
721,3556,Basic,2025-09-26,2025-10-24
722,3557,Premium,2026-01-03,
723,3561,Premium,2025-10-16,
724,3572,Premium,2025-10-21,2026-04-09
725,3579,Basic,2025-10-19,2026-05-01
726,3581,Premium,2025-06-17,
727,3582,Basic,2025-07-31,
728,3583,Basic,2026-04-07,
729,3598,Basic,2026-02-10,
730,3599,Premium,2025-08-15,
731,3610,Basic,2026-02-09,
732,3631,Basic,2025-10-02,
733,3633,Basic,2025-11-06,2026-02-26
734,3636,Basic,2026-04-19,
735,3640,Premium,2026-01-27,
736,3648,Basic,2025-07-21,2025-10-31
737,3653,Basic,2025-07-20,
738,3658,Basic,2025-06-08,
739,3661,Basic,2025-11-27,2026-04-18
740,3664,Basic,2025-08-22,
741,3673,Basic,2025-12-24,
742,3675,Premium,2025-05-18,
743,3681,Premium,2025-07-12,
744,3688,Basic,2025-06-27,2025-07-30
745,3691,Premium,2026-03-31,
746,3696,Premium,2026-03-23,2026-05-06
747,3701,Basic,2025-07-27,
748,3705,Premium,2025-06-10,
749,3712,Basic,2025-10-04,
750,3716,Basic,2025-12-08,2026-01-08
751,3722,Basic,2026-02-24,2026-05-05
752,3729,Basic,2025-08-21,
753,3732,Premium,2025-10-15,
754,3734,Basic,2026-01-18,2026-01-25
755,3735,Basic,2025-11-21,
756,3742,Basic,2025-11-09,
757,3750,Premium,2025-10-10,
758,3754,Premium,2025-07-18,
759,3757,Premium,2025-05-21,
760,3770,Basic,2026-01-12,
761,3773,Basic,2025-09-14,
762,3775,Pro,2026-04-13,2026-05-08
763,3783,Basic,2026-01-22,
764,3788,Premium,2026-02-05,2026-04-05
765,3793,Basic,2025-06-07,
766,3794,Basic,2025-09-08,
767,3795,Basic,2025-11-01,2026-02-28
768,3797,Basic,2025-08-03,2025-10-11
769,3805,Premium,2025-12-28,
770,3812,Premium,2026-04-24,2026-05-13
771,3817,Pro,2025-08-04,2025-10-10
772,3818,Basic,2025-05-17,
773,3834,Basic,2025-08-21,
774,3848,Basic,2025-12-15,
775,3863,Basic,2025-11-15,
776,3872,Basic,2026-02-23,2026-03-06
777,3873,Basic,2026-02-23,
778,3877,Basic,2025-07-04,
779,3895,Premium,2026-02-18,
780,3905,Pro,2026-04-29,2026-05-01
781,3909,Basic,2026-05-04,
782,3917,Premium,2025-06-21,2025-08-12
783,3920,Basic,2025-09-29,
784,3923,Basic,2025-07-12,
785,3925,Premium,2026-03-22,
786,3928,Basic,2026-05-10,
787,3932,Premium,2025-12-01,
788,3937,Basic,2026-01-26,
789,3945,Premium,2025-11-17,
790,3957,Basic,2026-03-16,
791,3959,Basic,2025-12-30,2026-03-01
792,3960,Basic,2025-10-09,2025-12-04
793,3965,Basic,2026-01-01,2026-01-26
794,3969,Premium,2025-12-14,2026-02-09
795,3975,Basic,2026-04-28,2026-05-04
796,3978,Premium,2025-09-20,
797,3979,Basic,2026-04-12,
798,3983,Premium,2026-01-31,
799,3984,Basic,2025-12-13,2026-04-01
800,3987,Basic,2025-10-19,
801,3994,Basic,2025-10-05,
802,3999,Basic,2025-09-24,
803,4001,Basic,2026-05-01,2026-05-11
804,4011,Basic,2026-04-09,2026-05-04
805,4019,Basic,2025-12-19,2026-04-03
806,4021,Premium,2025-10-14,
807,4022,Basic,2026-04-08,
808,4023,Premium,2025-05-23,
809,4026,Basic,2025-06-23,2025-12-17
810,4030,Basic,2025-12-09,2026-03-20
811,4035,Basic,2025-06-25,2025-09-27
812,4048,Basic,2025-05-20,2025-07-12
813,4050,Basic,2025-08-23,
814,4054,Basic,2025-11-12,2025-12-14
815,4058,Basic,2025-09-26,2026-05-04
816,4064,Pro,2025-08-12,
817,4067,Basic,2025-12-05,2026-01-02
818,4068,Premium,2025-12-15,
819,4080,Premium,2025-09-07,2025-10-09
820,4084,Basic,2025-08-04,
821,4086,Basic,2025-12-02,
822,4092,Basic,2025-05-16,
823,4100,Basic,2026-05-12,
824,4107,Premium,2025-09-01,2025-11-14
825,4115,Basic,2025-08-03,2025-08-27
826,4125,Basic,2026-03-14,
827,4135,Basic,2026-01-21,2026-02-22
828,4136,Premium,2026-01-19,2026-04-23
829,4138,Basic,2026-04-24,
830,4139,Basic,2025-09-28,
831,4141,Basic,2025-06-16,
832,4142,Premium,2026-02-16,
833,4144,Basic,2025-09-02,2025-12-07
834,4157,Basic,2025-10-06,
835,4161,Basic,2025-07-28,2026-03-08
836,4162,Basic,2026-03-13,
837,4167,Pro,2026-05-10,2026-05-10
838,4172,Basic,2025-12-07,2026-03-14
839,4174,Premium,2025-12-14,
840,4175,Basic,2026-03-06,
841,4180,Basic,2025-08-19,2026-01-15
842,4184,Premium,2026-02-23,
843,4185,Premium,2025-07-28,
844,4186,Premium,2025-11-01,
845,4189,Basic,2025-06-20,
846,4194,Basic,2025-12-27,2026-04-20
847,4198,Basic,2026-03-22,
848,4205,Premium,2026-01-14,
849,4206,Basic,2025-07-20,
850,4216,Basic,2026-01-29,
851,4217,Premium,2025-06-06,
852,4218,Premium,2026-03-01,
853,4219,Premium,2025-10-18,
854,4220,Basic,2026-01-24,2026-03-02
855,4225,Basic,2026-01-17,
856,4240,Basic,2026-04-03,
857,4244,Premium,2026-03-19,
858,4246,Basic,2026-03-30,
859,4247,Basic,2025-10-13,2026-03-30
860,4248,Basic,2025-07-09,
861,4249,Premium,2026-04-07,2026-04-23
862,4251,Premium,2025-08-13,
863,4253,Basic,2026-04-14,
864,4256,Basic,2025-06-11,
865,4266,Basic,2025-09-30,
866,4284,Basic,2026-04-25,
867,4287,Basic,2025-10-04,
868,4288,Premium,2026-05-03,
869,4289,Pro,2025-12-17,2026-05-08
870,4294,Basic,2026-05-06,
871,4305,Basic,2025-09-23,
872,4306,Pro,2025-12-10,2026-02-10
873,4307,Premium,2025-07-04,2026-05-14
874,4312,Basic,2025-09-26,
875,4324,Basic,2025-05-26,
876,4330,Basic,2026-01-13,
877,4333,Premium,2025-12-10,
878,4342,Basic,2025-06-10,
879,4348,Premium,2025-05-17,2025-12-18
880,4364,Premium,2026-01-05,2026-05-09
881,4367,Basic,2025-06-16,
882,4371,Basic,2026-04-12,2026-04-16
883,4372,Basic,2025-08-16,2026-01-02
884,4377,Premium,2025-10-25,
885,4390,Basic,2025-08-16,
886,4394,Basic,2025-09-09,
887,4399,Basic,2025-11-10,
888,4400,Premium,2025-07-07,2025-07-16
889,4402,Basic,2025-12-03,2026-05-11
890,4410,Basic,2026-04-17,
891,4416,Basic,2025-08-18,2025-12-05
892,4418,Basic,2025-08-29,
893,4420,Premium,2026-01-22,
894,4425,Basic,2026-01-23,
895,4441,Basic,2026-03-07,
896,4443,Basic,2025-11-04,
897,4447,Basic,2025-08-15,
898,4450,Premium,2026-04-07,2026-04-27
899,4451,Basic,2025-06-04,
900,4453,Basic,2026-01-10,2026-01-10
901,4458,Basic,2025-10-28,
902,4460,Basic,2026-04-03,
903,4463,Basic,2026-03-10,
904,4471,Premium,2025-09-29,
905,4476,Basic,2026-01-05,
906,4479,Basic,2025-06-04,
907,4486,Premium,2025-09-26,2026-03-01
908,4489,Basic,2025-10-16,
909,4497,Premium,2026-04-22,2026-05-01
910,4501,Premium,2026-03-27,2026-03-30
911,4504,Premium,2026-02-17,
912,4507,Basic,2025-12-25,2026-04-12
913,4520,Pro,2025-11-05,
914,4527,Premium,2025-06-05,2026-02-24
915,4529,Basic,2026-04-06,2026-04-08
916,4531,Basic,2025-07-28,2026-05-07
917,4535,Basic,2026-02-16,2026-03-10
918,4543,Basic,2026-02-18,
919,4552,Basic,2026-02-21,2026-05-13
920,4555,Basic,2025-08-06,
921,4558,Premium,2026-04-16,2026-05-08
922,4577,Basic,2025-11-10,2026-03-05
923,4581,Premium,2026-05-16,
924,4588,Basic,2025-06-26,
925,4596,Basic,2026-01-02,
926,4598,Premium,2025-10-17,
927,4600,Basic,2025-08-13,
928,4604,Basic,2026-01-20,
929,4605,Basic,2025-07-20,
930,4607,Basic,2026-01-31,
931,4613,Basic,2025-06-21,
932,4619,Basic,2025-08-10,
933,4623,Premium,2025-10-10,
934,4635,Basic,2026-02-27,
935,4641,Basic,2025-06-21,
936,4646,Basic,2025-08-21,2026-03-12
937,4647,Premium,2026-05-08,
938,4649,Basic,2026-05-10,
939,4656,Basic,2025-09-02,2025-11-14
940,4658,Basic,2026-04-14,2026-05-02
941,4669,Premium,2026-04-16,
942,4678,Basic,2025-05-18,
943,4681,Basic,2026-04-25,
944,4682,Basic,2025-11-13,2026-05-09
945,4683,Basic,2025-09-26,
946,4686,Basic,2026-05-12,
947,4687,Premium,2026-02-07,
948,4690,Basic,2025-09-14,
949,4700,Basic,2025-11-18,2026-02-25
950,4705,Premium,2025-11-16,
951,4712,Basic,2025-12-29,2025-12-29
952,4717,Basic,2025-07-03,
953,4720,Basic,2026-02-13,2026-02-27
954,4722,Basic,2025-08-11,
955,4725,Basic,2025-10-30,2026-03-10
956,4726,Basic,2025-10-31,
957,4732,Basic,2026-01-03,2026-04-08
958,4733,Basic,2025-10-30,
959,4737,Basic,2025-10-19,
960,4747,Basic,2026-03-27,
961,4756,Premium,2026-03-16,2026-03-28
962,4759,Premium,2025-06-19,
963,4762,Basic,2025-09-01,2026-03-30
964,4773,Premium,2026-02-11,
965,4775,Basic,2025-05-22,
966,4776,Pro,2025-06-07,
967,4779,Premium,2025-08-31,2025-10-10
968,4783,Basic,2026-05-02,
969,4791,Basic,2025-09-22,
970,4795,Premium,2026-03-29,
971,4797,Premium,2025-12-14,
972,4805,Premium,2025-08-12,
973,4814,Basic,2025-07-05,
974,4816,Basic,2026-04-20,2026-05-07
975,4824,Basic,2026-03-24,
976,4835,Basic,2026-02-16,
977,4840,Basic,2025-11-05,
978,4842,Basic,2026-01-03,
979,4844,Premium,2026-02-12,2026-02-25
980,4846,Basic,2025-08-20,2026-01-11
981,4851,Basic,2025-09-20,
982,4853,Basic,2025-07-29,
983,4859,Basic,2026-01-07,
984,4863,Basic,2026-02-18,2026-03-27
985,4864,Basic,2025-11-08,
986,4867,Basic,2026-01-22,
987,4869,Basic,2025-10-02,
988,4875,Basic,2025-05-30,2025-12-16
989,4882,Basic,2026-04-13,
990,4886,Basic,2025-11-11,2026-02-16
991,4896,Basic,2025-06-29,
992,4902,Premium,2026-01-28,
993,4904,Basic,2025-06-08,
994,4906,Basic,2026-04-14,
995,4920,Basic,2026-05-06,
996,4931,Premium,2026-01-04,
997,4932,Premium,2025-07-19,
998,4938,Premium,2025-10-07,
999,4963,Premium,2026-04-18,2026-04-20
1000,4975,Basic,2025-07-29,
1001,4977,Basic,2026-04-17,
1002,4978,Basic,2026-02-23,
1003,4988,Premium,2025-09-18,
1004,4989,Basic,2026-01-31,
1005,4996,Basic,2025-10-18,
1006,5003,Premium,2025-10-18,
1007,5004,Basic,2026-02-14,
1008,5006,Premium,2026-03-10,2026-05-05
1009,5008,Basic,2025-06-28,2026-03-21
1010,5009,Basic,2026-03-17,
1011,5010,Basic,2025-12-14,
1012,5011,Basic,2025-07-08,
1013,5012,Basic,2025-10-03,2026-01-10
1014,5017,Basic,2026-04-19,
1015,5034,Premium,2026-04-06,
1016,5040,Basic,2025-10-16,2025-11-27
1017,5046,Premium,2025-06-29,
1018,5055,Basic,2025-09-02,2026-03-04
1019,5060,Basic,2025-12-29,
1020,5061,Basic,2025-10-17,2026-03-25
1021,5070,Basic,2025-06-13,2026-04-05
1022,5071,Basic,2025-09-25,
1023,5073,Basic,2025-09-05,
1024,5078,Basic,2026-04-11,
1025,5083,Basic,2026-03-23,
1026,5087,Premium,2025-07-14,
1027,5093,Basic,2025-08-13,
1028,5095,Basic,2025-09-16,
1029,5109,Basic,2026-01-07,2026-02-19
1030,5110,Basic,2026-01-28,
1031,5111,Basic,2025-10-21,
1032,5113,Premium,2025-10-20,2026-05-03
1033,5115,Basic,2025-05-16,2026-01-17
1034,5116,Basic,2025-11-06,2025-12-01
1035,5118,Basic,2026-05-10,2026-05-13
1036,5128,Premium,2025-10-29,
1037,5129,Premium,2025-09-07,2026-04-09
1038,5132,Premium,2025-05-31,
1039,5152,Basic,2026-03-16,
1040,5161,Premium,2026-02-24,
1041,5164,Premium,2025-09-01,
1042,5169,Basic,2025-06-23,2025-09-20
1043,5181,Basic,2025-08-24,2025-09-08
1044,5191,Basic,2025-12-04,
1045,5192,Basic,2025-10-25,
1046,5195,Basic,2025-10-08,
1047,5196,Premium,2025-08-21,
1048,5199,Basic,2025-08-03,
1049,5200,Basic,2025-09-17,
1050,5204,Premium,2026-02-05,
1051,5205,Premium,2026-04-07,2026-04-18
1052,5210,Basic,2026-03-20,
1053,5212,Basic,2026-01-11,
1054,5214,Premium,2025-10-18,
1055,5221,Premium,2025-05-23,2026-03-18
1056,5224,Basic,2026-04-20,
1057,5225,Basic,2026-01-26,2026-04-18
1058,5230,Basic,2025-12-10,2026-03-23
1059,5239,Basic,2026-03-02,
1060,5246,Premium,2025-05-18,
1061,5249,Premium,2025-12-03,
1062,5253,Basic,2026-04-20,
1063,5267,Basic,2025-05-30,
1064,5268,Premium,2025-07-22,
1065,5271,Basic,2026-02-05,
1066,5283,Basic,2026-04-05,
1067,5284,Basic,2026-04-30,
1068,5286,Pro,2025-08-28,2026-04-13
1069,5287,Basic,2025-07-07,
1070,5292,Basic,2025-10-21,
1071,5302,Premium,2026-02-15,2026-03-26
1072,5314,Premium,2025-08-07,
1073,5316,Premium,2025-06-06,2026-04-17
1074,5318,Basic,2025-05-23,2026-01-25
1075,5325,Basic,2025-11-20,
1076,5326,Basic,2026-03-03,
1077,5331,Premium,2025-10-14,
1078,5339,Premium,2025-11-12,
1079,5345,Basic,2026-03-09,2026-05-06
1080,5346,Premium,2025-06-12,2026-05-05
1081,5347,Basic,2026-04-24,
1082,5358,Basic,2025-08-31,2025-11-16
1083,5366,Basic,2025-12-15,2026-03-21
1084,5375,Basic,2025-08-13,
1085,5376,Basic,2025-06-29,
1086,5377,Basic,2025-11-11,
1087,5380,Basic,2025-11-21,
1088,5381,Basic,2025-09-26,
1089,5383,Basic,2026-03-16,
1090,5386,Premium,2025-09-29,
1091,5395,Basic,2025-10-11,
1092,5398,Basic,2025-08-29,
1093,5400,Basic,2026-02-10,
1094,5404,Basic,2025-06-18,
1095,5407,Basic,2025-07-13,2026-01-15
1096,5409,Basic,2026-02-14,
1097,5410,Basic,2025-09-28,2026-04-21
1098,5412,Basic,2025-11-02,2025-12-23
1099,5415,Basic,2025-08-03,2025-10-14
1100,5419,Premium,2025-10-12,
1101,5422,Pro,2025-06-01,
1102,5430,Basic,2025-12-01,
1103,5438,Basic,2026-01-02,2026-05-01
1104,5439,Basic,2025-08-14,
1105,5442,Basic,2026-02-02,2026-05-14
1106,5456,Basic,2026-02-05,
1107,5458,Basic,2026-01-20,
1108,5464,Basic,2026-03-17,2026-03-21
1109,5469,Premium,2025-10-29,
1110,5473,Basic,2026-02-06,
1111,5485,Basic,2026-01-11,
1112,5489,Pro,2025-08-04,2026-03-21
1113,5497,Premium,2026-05-15,2026-05-16
1114,5498,Basic,2025-11-17,
1115,5500,Premium,2026-02-08,2026-05-09
1116,5516,Basic,2026-03-30,2026-05-08
1117,5519,Basic,2026-02-20,
1118,5526,Basic,2026-04-11,
1119,5533,Basic,2025-07-12,2026-03-29
1120,5536,Premium,2025-05-25,
1121,5537,Premium,2026-05-01,
1122,5544,Basic,2025-09-16,
1123,5546,Premium,2026-05-03,2026-05-16
1124,5553,Premium,2026-04-30,
1125,5558,Basic,2025-09-03,
1126,5563,Pro,2025-06-05,
1127,5566,Basic,2025-06-13,
1128,5567,Basic,2025-08-26,2026-01-20
1129,5570,Basic,2025-06-27,
1130,5573,Basic,2025-08-29,
1131,5574,Basic,2026-03-30,
1132,5580,Basic,2026-03-02,2026-03-08
1133,5587,Premium,2025-09-16,
1134,5591,Basic,2025-07-13,2025-10-05
1135,5596,Premium,2025-09-19,
1136,5606,Pro,2025-09-22,2026-02-01
1137,5607,Basic,2025-06-16,
1138,5619,Basic,2026-03-22,
1139,5622,Basic,2025-07-16,2025-12-22
1140,5628,Basic,2025-09-01,
1141,5629,Premium,2026-05-11,
1142,5636,Basic,2025-09-08,
1143,5637,Basic,2025-10-14,
1144,5641,Premium,2026-02-21,
1145,5644,Basic,2025-12-07,2026-03-30
1146,5649,Basic,2026-02-20,2026-05-02
1147,5651,Premium,2026-03-17,2026-04-11
1148,5653,Basic,2026-02-05,
1149,5660,Basic,2026-03-06,
1150,5665,Basic,2025-10-13,
1151,5670,Basic,2026-01-01,
1152,5674,Premium,2026-05-06,2026-05-06
1153,5678,Basic,2025-06-11,
1154,5690,Basic,2025-07-19,2025-08-11
1155,5698,Premium,2026-05-01,
1156,5699,Premium,2025-08-29,
1157,5704,Basic,2025-07-13,
1158,5706,Pro,2025-06-28,2026-01-04
1159,5708,Basic,2026-04-02,
1160,5710,Basic,2026-04-23,
1161,5722,Pro,2025-05-23,
1162,5729,Basic,2026-05-13,
1163,5733,Basic,2026-04-07,
1164,5734,Basic,2026-04-18,
1165,5742,Premium,2025-05-24,
1166,5743,Basic,2025-06-12,
1167,5756,Premium,2026-05-15,2026-05-16
1168,5758,Premium,2026-03-28,
1169,5763,Basic,2026-03-26,
1170,5764,Basic,2026-04-28,
1171,5769,Basic,2026-04-24,
1172,5799,Basic,2025-12-19,
1173,5800,Basic,2025-08-02,
1174,5803,Basic,2025-05-17,
1175,5805,Basic,2025-09-03,
1176,5807,Basic,2025-07-03,
1177,5809,Basic,2026-04-17,
1178,5812,Premium,2025-11-04,
1179,5816,Basic,2026-01-04,
1180,5824,Premium,2025-05-16,2025-07-09
1181,5829,Premium,2025-11-29,
1182,5835,Pro,2026-03-12,
1183,5837,Basic,2025-07-13,
1184,5838,Premium,2026-04-30,2026-05-16
1185,5840,Basic,2026-03-10,
1186,5847,Premium,2025-08-30,
1187,5850,Basic,2025-06-30,2026-04-13
1188,5851,Premium,2025-08-31,
1189,5877,Premium,2025-06-13,
1190,5882,Premium,2025-06-06,2025-07-16
1191,5886,Basic,2025-06-15,
1192,5897,Premium,2025-07-12,
1193,5898,Basic,2025-07-23,2025-10-26
1194,5899,Basic,2025-09-25,
1195,5901,Premium,2026-01-21,
1196,5910,Basic,2026-05-04,2026-05-15
1197,5911,Basic,2025-06-15,
1198,5913,Basic,2025-06-17,
1199,5921,Basic,2026-01-02,2026-04-29
1200,5930,Basic,2026-02-18,
1201,5931,Premium,2026-02-15,
1202,5936,Basic,2025-08-13,
1203,5937,Basic,2025-12-16,
1204,5940,Basic,2026-04-27,2026-05-01
1205,5942,Basic,2025-06-29,
1206,5943,Basic,2026-05-07,
1207,5946,Premium,2026-04-02,
1208,5951,Basic,2025-05-27,2026-03-25
1209,5962,Premium,2025-09-06,
1210,5968,Basic,2025-08-12,
1211,5970,Basic,2026-01-28,
1212,5976,Premium,2026-03-16,2026-04-03
1213,5985,Basic,2026-04-22,2026-05-02
1214,5989,Basic,2025-11-09,2026-02-27
1215,5990,Basic,2025-05-18,
1216,5998,Basic,2025-12-25,2026-03-06
1217,5999,Premium,2025-12-08,2026-04-03
1218,6003,Basic,2026-01-20,2026-03-15
1219,6009,Basic,2025-08-14,
1220,6014,Basic,2025-10-30,
1221,6017,Basic,2025-12-04,
1222,6024,Basic,2026-02-28,2026-04-27
1223,6026,Basic,2025-11-30,
1224,6031,Basic,2025-06-02,
1225,6054,Premium,2025-10-24,
1226,6061,Basic,2026-01-22,
1227,6062,Premium,2026-04-22,
1228,6065,Premium,2026-03-18,2026-05-10
1229,6068,Premium,2025-07-26,
1230,6070,Basic,2026-02-19,2026-04-04
1231,6074,Basic,2025-09-20,
1232,6075,Basic,2025-06-21,
1233,6076,Premium,2025-05-27,
1234,6077,Basic,2026-04-22,
1235,6084,Basic,2025-07-14,
1236,6092,Basic,2025-08-04,
1237,6098,Pro,2025-11-14,
1238,6099,Premium,2026-02-11,
1239,6105,Basic,2026-01-05,
1240,6114,Basic,2025-06-11,
1241,6124,Basic,2026-04-10,2026-04-21
1242,6129,Basic,2026-03-22,
1243,6132,Basic,2026-02-26,2026-03-05
1244,6140,Basic,2026-03-10,2026-03-29
1245,6145,Premium,2025-12-26,
1246,6150,Basic,2025-07-27,2025-12-27
1247,6160,Basic,2025-06-21,
1248,6163,Premium,2025-08-13,2025-08-15
1249,6164,Basic,2025-12-06,
1250,6165,Premium,2026-03-10,
1251,6183,Basic,2026-04-08,2026-04-20
1252,6190,Basic,2025-10-21,2026-04-25
1253,6191,Basic,2025-10-11,
1254,6196,Premium,2025-11-22,
1255,6198,Basic,2025-06-20,
1256,6201,Basic,2026-05-02,2026-05-16
1257,6208,Premium,2026-04-12,
1258,6218,Basic,2026-04-13,
1259,6221,Basic,2026-04-11,
1260,6226,Premium,2026-04-19,2026-04-23
1261,6229,Pro,2026-01-30,2026-02-05
1262,6234,Premium,2025-09-17,
1263,6235,Basic,2026-04-17,
1264,6236,Basic,2025-09-28,2026-03-02
1265,6249,Basic,2025-10-18,
1266,6251,Basic,2026-01-11,
1267,6254,Basic,2026-05-04,2026-05-10
1268,6262,Basic,2025-10-29,
1269,6272,Basic,2026-05-14,
1270,6274,Basic,2025-11-09,
1271,6275,Basic,2025-06-19,
1272,6279,Basic,2025-09-20,
1273,6283,Basic,2026-01-26,
1274,6284,Basic,2025-12-06,
1275,6286,Premium,2026-03-23,
1276,6289,Basic,2025-12-07,
1277,6290,Basic,2025-06-13,
1278,6292,Basic,2025-06-10,
1279,6294,Pro,2025-07-11,2025-11-10
1280,6295,Basic,2026-02-03,2026-04-14
1281,6299,Pro,2025-06-15,2025-10-25
1282,6300,Premium,2025-12-26,
1283,6304,Basic,2026-04-01,
1284,6308,Basic,2025-08-21,
1285,6311,Basic,2025-06-14,
1286,6315,Basic,2025-06-04,
1287,6317,Basic,2026-02-22,
1288,6320,Basic,2025-08-08,
1289,6331,Premium,2025-10-23,
1290,6360,Basic,2025-12-24,
1291,6362,Basic,2025-05-24,
1292,6364,Basic,2025-09-14,
1293,6365,Premium,2025-08-04,
1294,6367,Premium,2025-07-26,2025-09-15
1295,6370,Basic,2025-08-23,
1296,6373,Basic,2025-11-03,
1297,6377,Basic,2026-02-06,
1298,6378,Basic,2025-12-14,
1299,6379,Premium,2025-08-08,
1300,6388,Basic,2025-09-04,2025-10-03
1301,6389,Pro,2025-12-19,
1302,6400,Basic,2025-08-13,
1303,6403,Basic,2025-10-31,2026-03-04
1304,6404,Basic,2025-06-19,
1305,6410,Premium,2025-09-09,
1306,6422,Basic,2025-06-12,
1307,6427,Basic,2026-02-22,
1308,6430,Basic,2026-04-25,
1309,6441,Basic,2025-06-29,
1310,6442,Basic,2025-07-28,
1311,6463,Premium,2025-10-09,
1312,6466,Basic,2025-10-17,
1313,6470,Premium,2025-10-03,
1314,6473,Basic,2026-01-08,2026-05-06
1315,6477,Basic,2025-07-09,
1316,6481,Pro,2025-10-02,2026-01-23
1317,6488,Basic,2025-08-31,
1318,6490,Premium,2026-03-14,
1319,6497,Basic,2026-04-09,
1320,6499,Pro,2025-11-10,
1321,6500,Basic,2026-02-13,
1322,6504,Premium,2025-06-29,
1323,6509,Basic,2026-04-29,
1324,6510,Basic,2025-10-24,
1325,6511,Pro,2026-01-23,2026-02-14
1326,6517,Premium,2025-06-08,
1327,6519,Basic,2025-08-12,2026-01-01
1328,6525,Premium,2025-06-18,
1329,6529,Premium,2025-09-28,
1330,6530,Basic,2025-11-26,
1331,6531,Basic,2025-08-06,
1332,6537,Basic,2026-02-18,
1333,6544,Basic,2025-11-15,
1334,6558,Premium,2025-06-29,2026-04-01
1335,6570,Basic,2026-02-02,
1336,6573,Basic,2025-09-20,
1337,6576,Premium,2026-01-16,
1338,6578,Premium,2025-11-26,
1339,6582,Basic,2025-10-28,2025-11-23
1340,6587,Premium,2025-11-10,
1341,6599,Basic,2025-07-27,2025-08-30
1342,6604,Basic,2026-02-25,
1343,6609,Basic,2025-08-23,
1344,6611,Basic,2025-08-25,
1345,6641,Premium,2026-04-18,
1346,6644,Basic,2025-10-21,2026-03-23
1347,6645,Basic,2026-01-17,2026-02-16
1348,6648,Basic,2025-08-30,
1349,6649,Basic,2025-12-08,
1350,6655,Basic,2026-01-25,
1351,6661,Basic,2025-12-09,
1352,6667,Premium,2025-08-29,
1353,6683,Premium,2026-02-22,
1354,6684,Basic,2025-11-24,
1355,6686,Basic,2025-06-22,2025-09-08
1356,6688,Pro,2026-03-31,2026-04-28
1357,6689,Premium,2025-10-17,
1358,6691,Basic,2025-11-12,
1359,6695,Basic,2026-03-18,2026-04-20
1360,6702,Basic,2026-05-05,
1361,6707,Premium,2025-09-01,
1362,6720,Premium,2025-07-10,
1363,6724,Basic,2025-11-09,
1364,6725,Basic,2025-08-30,
1365,6726,Basic,2025-12-17,2026-01-17
1366,6738,Basic,2025-10-11,
1367,6740,Premium,2025-10-22,
1368,6741,Basic,2025-05-28,2025-07-27
1369,6744,Premium,2025-12-28,
1370,6748,Basic,2026-05-12,2026-05-14
1371,6752,Basic,2025-11-01,
1372,6755,Premium,2025-12-11,
1373,6763,Basic,2025-11-15,
1374,6779,Basic,2025-11-17,
1375,6780,Pro,2026-05-08,
1376,6781,Premium,2026-01-05,
1377,6784,Basic,2025-12-11,
1378,6800,Basic,2026-04-14,2026-04-29
1379,6801,Basic,2025-07-07,2025-11-19
1380,6803,Basic,2026-03-22,
1381,6811,Basic,2025-09-04,
1382,6830,Pro,2025-06-18,
1383,6839,Premium,2025-12-15,2026-03-26
1384,6842,Basic,2025-08-31,
1385,6850,Premium,2026-05-10,2026-05-16
1386,6853,Basic,2025-12-02,
1387,6858,Basic,2025-06-09,
1388,6882,Premium,2025-05-18,
1389,6889,Premium,2026-03-23,2026-04-13
1390,6891,Basic,2026-03-12,
1391,6913,Basic,2025-05-20,
1392,6917,Basic,2025-11-16,
1393,6918,Basic,2025-08-21,
1394,6919,Basic,2025-10-17,2026-02-24
1395,6928,Basic,2025-05-19,
1396,6941,Basic,2025-10-12,2026-02-11
1397,6948,Basic,2025-09-29,2025-10-16
1398,6950,Basic,2026-03-30,
1399,6951,Premium,2026-01-15,2026-01-20
1400,6959,Pro,2025-10-18,
1401,6974,Basic,2025-06-29,
1402,6976,Basic,2025-08-16,
1403,6978,Basic,2025-11-13,
1404,6997,Basic,2026-01-30,
1405,6998,Basic,2025-07-08,
1406,7000,Basic,2025-08-21,
1407,7004,Basic,2025-10-02,
1408,7006,Basic,2025-09-13,
1409,7013,Basic,2025-10-23,2026-04-03
1410,7017,Basic,2025-08-11,
1411,7020,Basic,2026-01-10,2026-02-27
1412,7021,Basic,2026-05-13,
1413,7026,Basic,2025-06-07,
1414,7027,Basic,2025-09-01,2026-04-03
1415,7035,Basic,2026-02-03,2026-03-16
1416,7051,Basic,2025-08-21,
1417,7056,Basic,2025-11-01,
1418,7062,Basic,2026-01-06,2026-02-02
1419,7068,Basic,2025-10-08,
1420,7073,Basic,2025-05-25,
1421,7075,Basic,2025-06-06,
1422,7077,Basic,2025-11-09,
1423,7080,Premium,2025-07-01,
1424,7083,Basic,2025-11-26,
1425,7089,Basic,2025-09-02,
1426,7093,Basic,2025-09-10,2026-03-09
1427,7094,Premium,2026-02-26,
1428,7099,Basic,2025-11-23,
1429,7101,Basic,2026-04-01,
1430,7102,Basic,2025-12-30,2026-02-25
1431,7109,Premium,2025-11-10,2026-04-15
1432,7117,Basic,2026-01-20,
1433,7118,Basic,2025-10-27,2026-01-17
1434,7127,Basic,2025-06-01,
1435,7130,Basic,2026-03-21,
1436,7132,Premium,2025-07-30,
1437,7143,Basic,2025-10-09,
1438,7152,Basic,2026-02-23,
1439,7153,Premium,2025-07-13,
1440,7162,Basic,2025-05-28,
1441,7165,Basic,2026-05-16,
1442,7172,Basic,2025-12-29,
1443,7182,Basic,2025-06-25,
1444,7183,Basic,2026-04-19,
1445,7186,Basic,2025-06-01,2025-06-26
1446,7189,Basic,2026-01-08,
1447,7192,Basic,2025-10-20,
1448,7194,Basic,2025-10-02,2026-01-17
1449,7201,Premium,2025-10-19,2026-01-14
1450,7203,Basic,2025-07-15,
1451,7212,Pro,2025-05-22,
1452,7219,Basic,2025-11-14,
1453,7226,Pro,2025-08-23,
1454,7231,Basic,2025-09-11,2025-12-10
1455,7243,Basic,2025-05-21,2025-06-30
1456,7250,Basic,2026-03-20,
1457,7258,Basic,2026-05-03,2026-05-08
1458,7262,Basic,2026-04-20,
1459,7265,Premium,2026-02-18,2026-04-26
1460,7267,Basic,2025-05-19,2026-05-13
1461,7272,Basic,2026-04-04,2026-04-08
1462,7274,Premium,2025-09-27,
1463,7278,Pro,2025-10-24,
1464,7288,Basic,2025-09-09,
1465,7289,Basic,2025-05-17,
1466,7294,Basic,2025-08-01,2025-10-12
1467,7304,Basic,2026-02-07,
1468,7307,Basic,2026-03-15,
1469,7309,Basic,2026-02-16,
1470,7311,Premium,2026-05-03,2026-05-06
1471,7313,Basic,2026-02-01,
1472,7318,Basic,2026-02-07,
1473,7319,Basic,2025-08-06,
1474,7333,Basic,2026-01-23,
1475,7347,Premium,2025-06-18,
1476,7355,Basic,2026-03-09,
1477,7360,Basic,2026-04-25,
1478,7362,Premium,2025-09-22,2025-12-01
1479,7365,Premium,2026-04-08,
1480,7368,Basic,2025-11-12,
1481,7371,Premium,2025-11-21,
1482,7380,Pro,2026-02-28,
1483,7388,Basic,2026-01-16,
1484,7390,Basic,2025-12-11,
1485,7393,Basic,2025-11-10,
1486,7398,Basic,2025-09-01,
1487,7399,Basic,2025-10-18,2025-11-14
1488,7405,Basic,2025-12-08,
1489,7417,Basic,2025-10-17,
1490,7419,Basic,2026-01-26,
1491,7426,Basic,2025-12-18,
1492,7427,Basic,2026-02-25,2026-02-28
1493,7429,Basic,2025-09-01,
1494,7434,Basic,2025-07-18,
1495,7445,Basic,2025-05-25,
1496,7448,Basic,2026-03-30,
1497,7451,Premium,2026-01-18,
1498,7453,Basic,2025-08-12,2026-01-03
1499,7455,Basic,2026-02-05,
1500,7459,Basic,2026-04-01,
1501,7460,Basic,2026-03-01,2026-03-20
1502,7464,Pro,2026-03-22,2026-05-12
1503,7469,Premium,2025-09-29,
1504,7473,Basic,2026-04-27,2026-05-04
1505,7480,Basic,2026-01-08,
1506,7482,Basic,2026-04-17,
1507,7484,Basic,2025-09-13,
1508,7489,Premium,2025-12-27,
1509,7492,Basic,2025-10-09,
1510,7502,Basic,2025-06-14,2026-03-21
1511,7507,Basic,2025-06-21,
1512,7511,Basic,2025-11-02,2026-04-18
1513,7519,Basic,2026-01-17,
1514,7525,Basic,2026-03-04,
1515,7527,Basic,2026-01-06,
1516,7532,Premium,2025-08-14,2026-02-28
1517,7535,Premium,2026-03-25,
1518,7546,Premium,2026-04-20,
1519,7549,Basic,2026-02-04,
1520,7554,Pro,2026-03-10,
1521,7555,Basic,2025-10-09,2026-05-09
1522,7559,Basic,2025-09-27,2025-10-31
1523,7568,Basic,2025-09-23,2026-01-24
1524,7571,Basic,2026-02-05,
1525,7575,Basic,2025-05-23,
1526,7580,Premium,2026-02-26,
1527,7594,Basic,2026-01-22,2026-03-28
1528,7607,Premium,2026-02-06,
1529,7618,Basic,2025-06-12,
1530,7625,Premium,2026-03-13,
1531,7628,Basic,2025-11-06,
1532,7633,Pro,2025-07-18,
1533,7635,Basic,2025-10-19,
1534,7642,Basic,2026-02-06,
1535,7648,Premium,2025-11-13,
1536,7654,Premium,2025-08-28,2025-11-04
1537,7655,Basic,2025-10-30,2026-02-09
1538,7661,Premium,2026-04-22,2026-04-27
1539,7663,Premium,2026-01-01,
1540,7666,Premium,2025-05-24,
1541,7667,Premium,2025-10-21,
1542,7669,Basic,2025-06-23,
1543,7689,Basic,2026-02-28,
1544,7690,Pro,2026-03-25,2026-05-04
1545,7691,Basic,2025-10-07,
1546,7696,Basic,2026-02-13,2026-04-09
1547,7707,Basic,2026-03-11,
1548,7710,Basic,2026-04-07,
1549,7731,Basic,2025-11-16,2026-03-19
1550,7735,Basic,2025-09-08,
1551,7748,Basic,2026-02-23,
1552,7754,Basic,2025-06-02,
1553,7766,Basic,2025-05-22,2026-02-13
1554,7774,Premium,2025-12-04,
1555,7777,Basic,2025-10-13,
1556,7793,Basic,2025-10-04,
1557,7799,Basic,2025-06-06,2026-05-05
1558,7812,Basic,2026-01-16,
1559,7814,Basic,2026-05-11,2026-05-13
1560,7824,Premium,2026-03-17,
1561,7825,Basic,2025-11-20,
1562,7836,Basic,2026-02-15,
1563,7847,Basic,2026-02-03,
1564,7849,Basic,2025-11-09,
1565,7851,Premium,2025-09-05,
1566,7852,Basic,2025-12-16,
1567,7854,Premium,2026-02-03,2026-03-31
1568,7861,Premium,2025-10-23,
1569,7862,Premium,2025-12-11,
1570,7864,Basic,2026-02-19,2026-02-22
1571,7865,Premium,2025-11-12,2025-11-30
1572,7866,Basic,2025-12-17,
1573,7869,Pro,2025-10-24,
1574,7870,Basic,2026-04-24,
1575,7873,Premium,2026-01-03,
1576,7876,Basic,2026-04-02,
1577,7877,Basic,2026-02-07,
1578,7884,Basic,2026-03-24,
1579,7889,Basic,2026-03-10,2026-05-01
1580,7892,Basic,2026-05-15,
1581,7898,Basic,2025-09-14,
1582,7904,Basic,2025-12-09,
1583,7907,Premium,2025-12-05,2026-03-21
1584,7909,Premium,2025-11-07,2026-03-20
1585,7910,Premium,2025-09-15,2025-12-26
1586,7912,Basic,2025-06-15,2026-05-15
1587,7916,Basic,2025-08-23,
1588,7917,Basic,2025-11-25,2026-04-09
1589,7919,Basic,2025-11-23,
1590,7921,Basic,2026-04-18,2026-04-29
1591,7924,Basic,2026-04-27,
1592,7926,Premium,2026-02-21,
1593,7939,Basic,2025-12-15,
1594,7945,Basic,2025-09-28,
1595,7947,Pro,2025-12-24,
1596,7950,Premium,2025-10-12,
1597,7951,Basic,2025-11-09,
1598,7952,Basic,2026-01-07,
1599,7957,Basic,2025-08-18,2026-04-14
1600,7959,Premium,2025-06-26,
1601,7962,Premium,2025-09-10,
1602,7963,Basic,2025-07-04,
1603,7964,Pro,2025-12-23,
1604,7968,Premium,2025-07-23,
1605,7972,Pro,2025-08-07,
1606,7981,Basic,2025-09-06,2026-02-22
1607,7982,Premium,2025-06-17,2025-06-28
1608,7986,Premium,2026-02-02,2026-05-15
1609,8003,Pro,2025-12-04,
1610,8011,Basic,2025-07-13,2025-10-24
1611,8020,Basic,2026-03-30,2026-05-16
1612,8026,Pro,2026-03-22,2026-04-15
1613,8031,Basic,2026-03-15,
1614,8033,Basic,2026-03-11,2026-03-18
1615,8036,Basic,2025-06-13,
1616,8039,Basic,2025-12-16,
1617,8041,Basic,2025-12-19,
1618,8044,Premium,2026-02-01,
1619,8046,Basic,2026-04-28,2026-05-16
1620,8050,Basic,2025-11-26,
1621,8056,Basic,2026-04-05,
1622,8069,Premium,2025-07-08,
1623,8076,Basic,2025-09-21,
1624,8078,Basic,2026-04-14,2026-04-30
1625,8079,Basic,2026-05-08,
1626,8084,Premium,2025-11-02,
1627,8085,Premium,2026-01-28,
1628,8090,Basic,2026-01-14,
1629,8095,Basic,2025-07-09,
1630,8098,Premium,2025-12-06,
1631,8100,Premium,2025-12-26,2026-03-05
1632,8113,Basic,2025-08-25,2025-12-29
1633,8121,Basic,2026-05-02,
1634,8126,Basic,2026-04-08,
1635,8127,Premium,2025-12-28,
1636,8130,Premium,2025-12-09,2026-03-12
1637,8133,Basic,2025-08-05,
1638,8136,Basic,2025-06-14,2026-01-04
1639,8155,Basic,2025-06-19,
1640,8156,Basic,2025-12-23,
1641,8157,Basic,2025-07-04,2026-02-08
1642,8176,Basic,2025-08-05,
1643,8180,Basic,2025-10-26,
1644,8182,Basic,2026-04-18,
1645,8186,Basic,2025-12-30,2026-04-02
1646,8191,Premium,2026-02-19,
1647,8194,Basic,2026-02-26,2026-05-12
1648,8197,Basic,2025-10-11,2026-01-16
1649,8204,Basic,2026-04-10,
1650,8206,Basic,2025-10-22,
1651,8216,Basic,2025-09-02,2026-04-28
1652,8225,Premium,2025-10-25,2025-12-05
1653,8230,Basic,2025-08-09,
1654,8233,Basic,2025-11-07,2026-04-09
1655,8245,Basic,2025-10-11,
1656,8247,Basic,2026-01-28,
1657,8251,Basic,2026-02-01,
1658,8257,Basic,2025-08-07,2026-02-23
1659,8260,Basic,2026-03-11,
1660,8265,Basic,2025-05-22,
1661,8274,Basic,2026-04-13,2026-04-20
1662,8275,Basic,2026-04-15,2026-04-15
1663,8279,Basic,2025-08-29,
1664,8295,Basic,2026-03-21,
1665,8301,Basic,2026-04-26,
1666,8305,Basic,2026-03-19,
1667,8310,Basic,2025-10-13,
1668,8312,Basic,2025-11-14,
1669,8313,Basic,2025-10-10,
1670,8316,Premium,2025-08-24,2025-11-01
1671,8319,Basic,2025-08-09,
1672,8323,Basic,2025-06-09,
1673,8335,Basic,2025-12-11,2026-03-10
1674,8343,Basic,2025-10-12,2025-11-14
1675,8345,Basic,2025-12-25,
1676,8350,Basic,2025-12-02,
1677,8351,Pro,2026-02-23,
1678,8354,Basic,2025-10-30,
1679,8359,Basic,2025-06-25,
1680,8361,Basic,2025-08-28,2025-11-25
1681,8363,Basic,2025-08-16,
1682,8366,Basic,2025-07-15,
1683,8367,Basic,2026-01-26,
1684,8374,Basic,2025-06-30,
1685,8380,Basic,2026-01-27,
1686,8385,Premium,2025-09-28,2025-11-20
1687,8389,Basic,2025-05-21,2025-07-21
1688,8392,Basic,2025-05-31,2025-08-26
1689,8393,Basic,2025-10-10,2026-03-16
1690,8397,Basic,2025-07-16,2026-04-08
1691,8408,Premium,2025-08-02,
1692,8413,Basic,2025-05-17,
1693,8414,Premium,2026-01-09,
1694,8415,Premium,2025-12-15,2026-04-09
1695,8419,Basic,2026-01-19,
1696,8421,Basic,2025-09-09,
1697,8425,Basic,2026-01-08,
1698,8430,Basic,2026-03-16,
1699,8432,Basic,2025-11-06,
1700,8433,Basic,2025-10-14,
1701,8440,Basic,2025-08-11,
1702,8449,Basic,2025-08-25,
1703,8450,Basic,2025-07-05,2026-05-12
1704,8451,Basic,2026-03-29,
1705,8465,Basic,2026-05-13,2026-05-16
1706,8471,Premium,2025-09-01,
1707,8473,Premium,2025-05-28,
1708,8482,Pro,2026-02-04,
1709,8493,Basic,2025-11-04,2025-12-08
1710,8499,Basic,2025-08-02,2025-11-06
1711,8502,Premium,2026-04-20,
1712,8506,Basic,2025-09-06,2026-01-07
1713,8507,Premium,2025-12-16,
1714,8520,Basic,2025-09-04,2025-10-21
1715,8521,Premium,2026-02-05,2026-03-24
1716,8522,Premium,2026-04-17,
1717,8524,Basic,2025-08-15,
1718,8528,Basic,2025-09-06,2025-10-30
1719,8529,Basic,2025-12-09,
1720,8532,Pro,2026-02-12,
1721,8533,Basic,2025-05-27,2026-03-25
1722,8534,Basic,2025-10-29,2025-11-06
1723,8543,Basic,2026-03-08,
1724,8547,Basic,2026-05-06,
1725,8555,Basic,2026-04-04,
1726,8556,Basic,2026-04-01,
1727,8561,Premium,2025-10-05,
1728,8563,Basic,2026-02-07,
1729,8570,Basic,2026-02-27,
1730,8571,Premium,2026-01-31,
1731,8581,Premium,2025-09-24,
1732,8588,Pro,2026-02-27,
1733,8594,Basic,2026-01-21,
1734,8596,Premium,2025-05-27,
1735,8597,Premium,2026-02-23,
1736,8601,Basic,2025-10-11,2026-04-04
1737,8616,Basic,2025-10-27,
1738,8621,Basic,2025-07-17,
1739,8623,Basic,2026-04-20,
1740,8625,Basic,2025-11-06,
1741,8635,Basic,2026-03-06,
1742,8637,Premium,2025-09-07,
1743,8646,Basic,2025-05-25,
1744,8651,Basic,2025-06-22,
1745,8652,Basic,2026-01-24,
1746,8659,Premium,2026-05-02,
1747,8665,Premium,2026-04-19,
1748,8673,Basic,2025-09-26,2025-10-28
1749,8675,Basic,2025-10-20,2025-12-09
1750,8682,Basic,2025-07-02,
1751,8685,Basic,2025-07-07,
1752,8687,Basic,2025-11-19,2026-02-06
1753,8700,Premium,2025-12-20,2026-05-12
1754,8703,Pro,2025-05-17,
1755,8711,Basic,2025-10-13,2026-02-10
1756,8720,Basic,2025-09-01,
1757,8722,Basic,2025-06-24,
1758,8734,Basic,2026-02-08,
1759,8738,Basic,2025-07-08,2026-01-11
1760,8744,Premium,2026-05-07,
1761,8749,Basic,2025-07-12,2025-09-15
1762,8757,Basic,2025-05-16,
1763,8760,Pro,2025-08-16,
1764,8777,Basic,2025-09-07,
1765,8787,Basic,2025-08-05,
1766,8792,Premium,2026-01-23,
1767,8797,Basic,2025-09-27,
1768,8798,Basic,2025-07-03,
1769,8800,Pro,2026-02-22,
1770,8806,Basic,2025-11-22,
1771,8809,Pro,2025-12-31,
1772,8810,Basic,2026-03-20,
1773,8811,Basic,2026-01-23,
1774,8815,Basic,2025-10-24,
1775,8818,Basic,2026-05-10,2026-05-13
1776,8827,Premium,2025-12-20,
1777,8830,Basic,2025-09-18,
1778,8839,Basic,2025-06-10,
1779,8844,Basic,2026-05-12,
1780,8854,Premium,2025-12-31,
1781,8856,Basic,2025-06-17,2025-11-07
1782,8861,Basic,2025-12-15,
1783,8867,Premium,2025-11-06,2026-02-23
1784,8871,Premium,2025-08-01,
1785,8874,Pro,2025-11-13,
1786,8877,Premium,2026-02-10,
1787,8880,Basic,2025-12-29,
1788,8888,Basic,2025-08-08,
1789,8890,Basic,2025-11-13,
1790,8891,Premium,2026-01-24,
1791,8898,Premium,2025-05-28,
1792,8905,Basic,2026-01-15,
1793,8911,Basic,2026-02-02,
1794,8923,Premium,2026-03-08,
1795,8926,Basic,2025-11-12,
1796,8930,Basic,2025-08-25,
1797,8934,Basic,2026-01-01,
1798,8936,Basic,2025-07-20,2025-10-14
1799,8946,Basic,2026-04-27,
1800,8947,Basic,2025-11-12,2025-11-29
1801,8950,Basic,2025-08-05,
1802,8951,Pro,2026-03-21,
1803,8953,Basic,2025-07-04,2025-10-17
1804,8955,Basic,2025-08-03,
1805,8959,Basic,2025-07-05,
1806,8960,Basic,2025-08-12,
1807,8961,Basic,2026-01-14,
1808,8963,Basic,2026-01-27,2026-05-09
1809,8970,Basic,2025-08-07,
1810,8974,Premium,2026-02-11,
1811,8979,Basic,2025-07-31,
1812,8983,Basic,2025-09-17,
1813,8987,Basic,2025-09-28,
1814,9002,Premium,2026-03-01,2026-04-15
1815,9007,Premium,2025-05-19,2025-11-11
1816,9024,Basic,2026-04-16,
1817,9027,Basic,2025-12-05,
1818,9029,Basic,2025-07-25,
1819,9036,Basic,2026-03-17,
1820,9038,Basic,2026-05-11,2026-05-14
1821,9040,Basic,2026-03-22,
1822,9047,Basic,2026-03-23,
1823,9056,Basic,2026-01-07,
1824,9073,Basic,2025-08-24,2025-12-25
1825,9078,Basic,2025-05-20,2025-05-29
1826,9085,Basic,2026-03-15,
1827,9086,Basic,2025-11-08,2026-03-27
1828,9098,Basic,2026-01-30,
1829,9102,Basic,2026-04-03,
1830,9105,Premium,2026-05-07,
1831,9115,Basic,2025-12-11,
1832,9120,Basic,2026-04-17,
1833,9124,Pro,2025-11-16,2026-05-14
1834,9128,Basic,2025-10-12,2025-12-05
1835,9129,Premium,2026-05-02,
1836,9139,Premium,2026-02-15,2026-04-10
1837,9141,Premium,2025-06-04,2026-02-28
1838,9159,Premium,2025-07-14,
1839,9165,Basic,2026-03-01,2026-03-25
1840,9171,Pro,2026-02-27,
1841,9175,Basic,2025-05-29,
1842,9182,Premium,2025-11-19,2026-04-11
1843,9186,Premium,2025-10-04,
1844,9199,Pro,2025-11-10,2026-03-19
1845,9208,Basic,2025-06-18,
1846,9220,Premium,2026-02-22,2026-03-17
1847,9222,Pro,2026-02-17,
1848,9224,Premium,2026-01-21,
1849,9226,Basic,2025-07-08,
1850,9234,Basic,2026-03-17,
1851,9236,Basic,2025-09-16,2025-10-28
1852,9239,Basic,2025-07-17,2025-12-01
1853,9246,Basic,2025-09-05,
1854,9258,Premium,2025-10-11,
1855,9260,Premium,2025-06-16,
1856,9265,Basic,2026-05-05,
1857,9266,Premium,2025-11-21,
1858,9276,Basic,2025-09-26,2025-10-17
1859,9279,Premium,2025-11-19,
1860,9284,Basic,2025-09-25,2025-12-03
1861,9298,Basic,2025-11-13,
1862,9302,Basic,2025-09-19,
1863,9303,Premium,2025-07-08,
1864,9305,Basic,2025-10-20,2026-03-09
1865,9306,Basic,2026-02-26,
1866,9313,Premium,2026-03-04,
1867,9315,Basic,2026-03-05,
1868,9321,Premium,2026-02-27,
1869,9323,Basic,2026-04-09,2026-05-15
1870,9333,Basic,2026-02-02,
1871,9347,Premium,2025-07-29,
1872,9350,Pro,2026-01-01,
1873,9351,Basic,2025-10-03,
1874,9354,Basic,2025-10-16,
1875,9355,Basic,2026-04-15,
1876,9367,Premium,2025-06-12,
1877,9368,Premium,2026-01-03,
1878,9372,Premium,2026-04-04,2026-05-04
1879,9376,Basic,2025-12-28,
1880,9377,Basic,2026-04-12,2026-04-13
1881,9391,Basic,2025-08-22,
1882,9408,Basic,2025-05-17,
1883,9409,Basic,2026-03-20,
1884,9416,Basic,2026-04-26,
1885,9418,Basic,2026-03-18,2026-04-28
1886,9427,Basic,2025-09-30,2026-04-15
1887,9428,Basic,2026-01-20,2026-01-23
1888,9429,Premium,2025-11-09,2026-05-15
1889,9430,Basic,2026-03-16,
1890,9443,Premium,2025-06-27,
1891,9445,Basic,2026-03-28,
1892,9448,Basic,2026-04-01,2026-05-05
1893,9449,Basic,2025-05-17,
1894,9455,Basic,2026-02-06,
1895,9456,Basic,2025-05-20,
1896,9457,Basic,2026-03-08,2026-04-07
1897,9458,Basic,2026-05-05,2026-05-06
1898,9459,Basic,2026-03-27,
1899,9460,Basic,2025-06-01,
1900,9463,Basic,2026-04-09,
1901,9466,Basic,2025-07-25,
1902,9468,Basic,2026-01-11,
1903,9475,Basic,2026-01-04,2026-01-18
1904,9477,Basic,2025-06-15,
1905,9481,Premium,2025-08-29,
1906,9483,Pro,2025-09-08,
1907,9486,Basic,2026-05-13,2026-05-14
1908,9494,Premium,2026-03-02,
1909,9499,Premium,2026-03-10,2026-03-26
1910,9500,Basic,2025-06-25,2025-07-25
1911,9510,Premium,2025-10-24,
1912,9512,Basic,2025-07-19,
1913,9517,Basic,2026-02-18,
1914,9518,Basic,2025-12-19,
1915,9519,Premium,2025-10-17,
1916,9522,Premium,2025-12-01,2026-02-13
1917,9527,Basic,2025-07-02,
1918,9531,Basic,2026-04-13,
1919,9540,Premium,2026-02-02,
1920,9545,Pro,2026-01-24,
1921,9547,Basic,2025-10-07,
1922,9550,Premium,2026-01-22,2026-04-10
1923,9559,Basic,2025-06-23,
1924,9563,Basic,2025-07-30,
1925,9564,Premium,2025-06-28,
1926,9586,Basic,2026-03-14,2026-04-30
1927,9588,Premium,2026-03-17,
1928,9592,Basic,2026-02-14,2026-04-13
1929,9593,Basic,2025-06-21,2026-01-08
1930,9600,Basic,2025-06-05,2025-09-19
1931,9602,Basic,2026-01-22,2026-04-28
1932,9603,Premium,2025-08-01,
1933,9605,Basic,2025-05-18,
1934,9608,Basic,2025-10-17,2025-11-22
1935,9611,Premium,2025-10-22,2026-05-06
1936,9613,Basic,2025-12-09,
1937,9616,Premium,2025-09-07,
1938,9622,Basic,2026-04-29,
1939,9623,Pro,2026-04-27,
1940,9624,Basic,2026-04-10,
1941,9628,Basic,2026-01-16,2026-05-13
1942,9630,Basic,2025-08-05,
1943,9642,Basic,2025-05-16,
1944,9648,Basic,2025-09-12,2025-09-12
1945,9652,Premium,2026-01-03,2026-01-27
1946,9655,Premium,2025-09-02,
1947,9656,Basic,2026-02-06,
1948,9657,Premium,2025-09-13,
1949,9669,Basic,2026-01-13,
1950,9670,Basic,2026-01-13,
1951,9674,Basic,2026-01-23,2026-04-09
1952,9677,Premium,2025-09-05,
1953,9682,Basic,2025-06-16,
1954,9683,Basic,2026-04-05,
1955,9693,Basic,2026-01-27,
1956,9700,Basic,2026-01-01,
1957,9706,Basic,2025-07-07,2025-07-27
1958,9717,Basic,2025-08-06,
1959,9718,Basic,2026-03-29,
1960,9720,Basic,2025-11-01,
1961,9722,Premium,2026-03-24,2026-05-12
1962,9731,Basic,2025-09-28,
1963,9740,Pro,2026-04-06,
1964,9743,Basic,2026-03-06,2026-03-20
1965,9744,Basic,2026-04-11,
1966,9746,Premium,2026-01-12,
1967,9754,Premium,2025-11-11,
1968,9755,Basic,2026-02-21,2026-04-02
1969,9763,Basic,2026-05-16,2026-05-16
1970,9766,Basic,2026-05-11,
1971,9772,Basic,2026-03-10,
1972,9806,Basic,2025-05-30,
1973,9808,Basic,2025-06-15,2025-12-23
1974,9809,Basic,2025-06-07,2025-12-28
1975,9810,Premium,2025-05-25,
1976,9811,Basic,2025-11-03,
1977,9812,Premium,2025-11-27,
1978,9813,Basic,2025-10-05,
1979,9820,Premium,2026-04-07,
1980,9821,Basic,2025-11-18,
1981,9825,Basic,2025-07-26,
1982,9828,Basic,2025-08-22,2026-02-19
1983,9830,Basic,2025-11-29,
1984,9831,Premium,2025-09-19,2026-03-19
1985,9836,Basic,2026-01-11,
1986,9839,Premium,2025-11-12,
1987,9842,Basic,2025-10-13,
1988,9843,Basic,2026-01-06,
1989,9844,Premium,2025-05-18,2025-11-21
1990,9849,Premium,2025-05-19,
1991,9868,Premium,2026-02-16,2026-04-11
1992,9871,Basic,2025-10-14,
1993,9884,Basic,2025-11-03,2026-01-22
1994,9885,Basic,2025-05-24,
1995,9886,Basic,2025-08-11,
1996,9894,Basic,2025-11-02,
1997,9897,Basic,2025-11-05,
1998,9899,Pro,2026-03-16,
1999,9903,Premium,2026-03-12,
2000,9910,Premium,2026-01-22,
2001,9914,Premium,2026-02-28,
2002,9930,Basic,2025-09-30,
2003,9938,Basic,2025-06-15,
2004,9943,Basic,2025-09-07,2026-02-14
2005,9955,Pro,2026-05-14,
2006,9957,Premium,2025-06-14,2025-12-23
2007,9963,Premium,2025-09-22,
2008,9965,Basic,2026-03-05,2026-03-28
2009,9967,Premium,2026-03-24,2026-04-24
2010,9973,Basic,2025-09-01,2025-12-14
2011,9980,Basic,2026-02-03,
2012,9992,Pro,2025-05-27,
2013,9995,Basic,2026-02-01,
